label,review,last_edit_time
2,[鼓掌] //@樵山潮人:[给力],2021-04-23 09:34:14.291877+00:00
2,传说中的铜蚝！有着金属味道[嘻嘻]。,2021-04-23 09:34:14.294868+00:00
2,[哈哈][哈哈]这个庙的consumer research 做得好到位，及时推出了符合消费者需求的超度产品。//@松松的博客:太扯了啊//@hyperGG:转发微博,2021-04-23 09:34:14.298858+00:00
2,平躺那个太可爱了，想小玩偶[哈哈],2021-04-23 09:34:14.301850+00:00
2,看到你们这样，我，就安心啦[嘻嘻][嘻嘻],2021-04-23 09:34:14.305839+00:00
2,喜欢邹宏宇[嘻嘻],2021-04-23 09:34:14.308831+00:00
2,得看摸的技术 //@航校小苏:不是第三次摸才报警吗[哈哈][哈哈] //@飞程无绕:绝对拘留 //@飞常准:[衰]求真相！,2021-04-23 09:34:14.312836+00:00
2,回复@勤劳的挨踢民工:[嘻嘻]谢谢 //@勤劳的挨踢民工:很开心，还送鸡卷，祝你们越办越好！ //@田源鸡:很开心吧,2021-04-23 09:34:14.315832+00:00
2,特派记者不是报道当地新闻的嘛。你让本地记者干嘛去//@Mr邦宇: 作为驻广州特派记者，我当然要做到图文并茂，把高重量的新闻呈现给大家。[嘻嘻]//@972海宁:你又没在！,2021-04-23 09:34:14.319136+00:00
